Product,CVE,Impact,Score
gitlab_gitlab,CVE-2016-9086,system cia loss,4.0
gitlab_gitlab,CVE-2016-9469,system cia loss,5.0
gitlab_gitlab,CVE-2019-11544,system cia loss,4.0
gitlab_gitlab,CVE-2019-11546,system cia loss,3.5
gitlab_gitlab,CVE-2019-11547,system cia loss,4.3
gitlab_gitlab,CVE-2019-11548,system cia loss,3.5
gitlab_gitlab,CVE-2019-10117,system cia loss,5.8
gitlab_gitlab,CVE-2019-10116,system cia loss,4.0
gitlab_gitlab,CVE-2019-10115,system cia loss,4.0
gitlab_gitlab,CVE-2019-10114,system cia loss,5.0
gitlab_gitlab,CVE-2019-10113,system cia loss,5.0
gitlab_gitlab,CVE-2019-10112,system cia loss,5.0
gitlab_gitlab,CVE-2019-10111,system cia loss,3.5
gitlab_gitlab,CVE-2019-10110,system cia loss,4.0
gitlab_gitlab,CVE-2019-10109,system cia loss,5.0
gitlab_gitlab,CVE-2019-10108,system cia loss,5.5
gitlab_gitlab,CVE-2019-5486,system cia loss,6.5
gitlab_gitlab,CVE-2019-15589,system cia loss,6.5
gitlab_gitlab,CVE-2019-15584,system cia loss,4.0
gitlab_gitlab,CVE-2019-15580,system cia loss,4.0
gitlab_gitlab,CVE-2019-15577,system cia loss,4.0
gitlab_gitlab,CVE-2019-15576,system cia loss,5.0
gitlab_gitlab,CVE-2019-15575,system cia loss,5.0
gitlab_gitlab,CVE-2019-15591,system cia loss,4.0
gitlab_gitlab,CVE-2019-15592,system cia loss,4.0
gitlab_gitlab,CVE-2019-15594,system cia loss,4.0
gitlab_gitlab,CVE-2019-11000,system cia loss,4.0
gitlab_gitlab,CVE-2019-10640,system cia loss,5.0
gitlab_gitlab,CVE-2019-13003,system cia loss,5.0
gitlab_gitlab,CVE-2019-13010,system cia loss,4.3
gitlab_gitlab,CVE-2019-13011,system cia loss,4.0
gitlab_gitlab,CVE-2019-15737,system cia loss,6.4
gitlab_gitlab,CVE-2019-15736,system cia loss,5.0
gitlab_gitlab,CVE-2019-15726,system cia loss,5.0
gitlab_gitlab,CVE-2019-15733,system cia loss,4.0
gitlab_gitlab,CVE-2019-15734,system cia loss,4.0
gitlab_gitlab,CVE-2019-15739,system cia loss,4.3
gitlab_gitlab,CVE-2019-15740,system cia loss,5.0
gitlab_gitlab,CVE-2019-12428,gain user privilege,7.5
gitlab_gitlab,CVE-2019-12432,system cia loss,4.0
gitlab_gitlab,CVE-2019-12431,system cia loss,4.0
gitlab_gitlab,CVE-2019-12445,system cia loss,3.5
gitlab_gitlab,CVE-2019-12441,system cia loss,5.0
gitlab_gitlab,CVE-2019-12444,system cia loss,4.3
gitlab_gitlab,CVE-2019-12446,system cia loss,5.0
gitlab_gitlab,CVE-2019-5487,system cia loss,5.0
gitlab_gitlab,CVE-2019-18463,system cia loss,4.0
gitlab_gitlab,CVE-2019-18450,system cia loss,4.0
gitlab_gitlab,CVE-2019-18449,system cia loss,4.0
gitlab_gitlab,CVE-2019-18448,system cia loss,4.0
gitlab_gitlab,CVE-2019-18447,system cia loss,4.0
gitlab_gitlab,CVE-2019-14944,system cia loss,6.5
gitlab_gitlab,CVE-2019-14942,system cia loss,5.9
gitlab_gitlab,CVE-2019-6240,system cia loss,5.0
gitlab_gitlab,CVE-2019-6995,system cia loss,4.0
gitlab_gitlab,CVE-2019-20148,system cia loss,4.3
gitlab_gitlab,CVE-2019-9225,system cia loss,5.0
gitlab_gitlab,CVE-2019-9224,system cia loss,5.0
gitlab_gitlab,CVE-2019-9223,system cia loss,5.0
gitlab_gitlab,CVE-2019-9222,system cia loss,5.5
gitlab_gitlab,CVE-2019-9221,system cia loss,2.1
gitlab_gitlab,CVE-2019-9220,system cia loss,5.0
gitlab_gitlab,CVE-2019-9219,system cia loss,4.3
gitlab_gitlab,CVE-2019-9218,system cia loss,7.5
gitlab_gitlab,CVE-2019-9217,gain user privilege,7.5
gitlab_gitlab,CVE-2019-9179,system cia loss,4.3
gitlab_gitlab,CVE-2019-9178,system cia loss,5.0
gitlab_gitlab,CVE-2019-9176,system cia loss,5.8
gitlab_gitlab,CVE-2019-9175,system cia loss,5.0
gitlab_gitlab,CVE-2019-9174,system cia loss,7.5
gitlab_gitlab,CVE-2019-9172,system cia loss,4.3
gitlab_gitlab,CVE-2019-9171,system cia loss,4.3
gitlab_gitlab,CVE-2019-9170,system cia loss,5.0
gitlab_gitlab,CVE-2019-9485,system cia loss,7.5
gitlab_gitlab,CVE-2019-19260,system cia loss,5.5
gitlab_gitlab,CVE-2019-19257,system cia loss,5.0
gitlab_gitlab,CVE-2019-19261,system cia loss,6.8
gitlab_gitlab,CVE-2019-19263,system cia loss,4.0
gitlab_gitlab,CVE-2019-19314,system cia loss,5.0
gitlab_gitlab,CVE-2019-5883,system cia loss,6.4
gitlab_gitlab,CVE-2019-6781,system cia loss,5.0
gitlab_gitlab,CVE-2019-6783,gain user privilege,6.5
gitlab_gitlab,CVE-2019-6796,system cia loss,4.3
gitlab_gitlab,CVE-2019-6795,system cia loss,5.8
gitlab_gitlab,CVE-2019-6794,system cia loss,4.0
gitlab_gitlab,CVE-2019-6791,system cia loss,4.0
gitlab_gitlab,CVE-2019-6784,system cia loss,4.3
gitlab_gitlab,CVE-2019-6785,system cia loss,4.0
gitlab_gitlab,CVE-2019-6787,system cia loss,4.0
gitlab_gitlab,CVE-2019-6788,system cia loss,5.0
gitlab_gitlab,CVE-2019-6789,system cia loss,4.0
gitlab_gitlab,CVE-2019-6792,system cia loss,5.0
gitlab_gitlab,CVE-2019-6797,system cia loss,5.0
gitlab_gitlab,CVE-2019-7176,system cia loss,4.3
gitlab_gitlab,CVE-2023-0155,system cia loss,5.4
gitlab_gitlab,CVE-2023-0450,system cia loss,4.6
gitlab_gitlab,CVE-2023-1836,system cia loss,5.4
gitlab_gitlab,CVE-2023-2001,system cia loss,4.3
gitlab_gitlab,CVE-2023-0921,system cia loss,4.3
gitlab_gitlab,CVE-2023-1084,system cia loss,2.7
gitlab_gitlab,CVE-2023-2181,system cia loss,6.5
gitlab_gitlab,CVE-2023-2198,system cia loss,7.5
gitlab_gitlab,CVE-2023-2200,system cia loss,5.4
gitlab_gitlab,CVE-2023-1178,system cia loss,5.7
gitlab_gitlab,CVE-2023-0756,gain user privilege,8.0
gitlab_gitlab,CVE-2023-2013,system cia loss,4.3
gitlab_gitlab,CVE-2017-0915,gain user privilege,7.5
gitlab_gitlab,CVE-2017-0926,system cia loss,6.5
gitlab_gitlab,CVE-2017-0916,gain user privilege,7.5
gitlab_gitlab,CVE-2017-0918,gain user privilege,6.5
gitlab_gitlab,CVE-2017-0921,gain user privilege,6.8
gitlab_gitlab,CVE-2017-0919,system cia loss,5.0
gitlab_gitlab,CVE-2017-0920,system cia loss,4.0
gitlab_gitlab,CVE-2017-0925,system cia loss,4.0
gitlab_gitlab,CVE-2017-11437,system cia loss,4.0
gitlab_gitlab,CVE-2023-1708,gain user privilege,9.8
gitlab_gitlab,CVE-2017-0882,system cia loss,4.0
gitlab_gitlab,CVE-2017-12426,gain user privilege,6.8
gitlab_gitlab,CVE-2017-8778,system cia loss,4.3
gitlab_gitlab,CVE-2020-11505,system cia loss,5.0
gitlab_gitlab,CVE-2020-13271,system cia loss,4.3
gitlab_gitlab,CVE-2020-13276,system cia loss,4.0
gitlab_gitlab,CVE-2020-13274,system cia loss,5.0
gitlab_gitlab,CVE-2020-13280,system cia loss,4.0
gitlab_gitlab,CVE-2020-13281,system cia loss,4.0
gitlab_gitlab,CVE-2020-13290,system cia loss,6.5
gitlab_gitlab,CVE-2020-13293,system cia loss,5.5
gitlab_gitlab,CVE-2020-13294,system cia loss,5.5
gitlab_gitlab,CVE-2020-13296,system cia loss,7.5
gitlab_gitlab,CVE-2020-13315,system cia loss,5.0
gitlab_gitlab,CVE-2020-13309,system cia loss,6.5
gitlab_gitlab,CVE-2020-13306,system cia loss,5.0
gitlab_gitlab,CVE-2020-13305,system cia loss,4.0
gitlab_gitlab,CVE-2020-13304,system cia loss,6.5
gitlab_gitlab,CVE-2020-13302,gain user privilege,6.5
gitlab_gitlab,CVE-2020-13301,system cia loss,3.5
gitlab_gitlab,CVE-2020-13298,system cia loss,5.0
gitlab_gitlab,CVE-2020-13297,system cia loss,4.9
gitlab_gitlab,CVE-2020-13310,system cia loss,4.0
gitlab_gitlab,CVE-2020-13321,gain user privilege,6.5
gitlab_gitlab,CVE-2020-13319,system cia loss,4.0
gitlab_gitlab,CVE-2020-13331,system cia loss,3.5
gitlab_gitlab,CVE-2020-13330,system cia loss,3.5
gitlab_gitlab,CVE-2020-13329,system cia loss,3.5
gitlab_gitlab,CVE-2020-13320,system cia loss,4.0
gitlab_gitlab,CVE-2020-13323,system cia loss,4.3
gitlab_gitlab,CVE-2020-13334,system cia loss,5.0
gitlab_gitlab,CVE-2020-10077,system cia loss,7.5
gitlab_gitlab,CVE-2020-10079,system cia loss,5.0
gitlab_gitlab,CVE-2020-10080,system cia loss,5.0
gitlab_gitlab,CVE-2020-10087,system cia loss,5.0
gitlab_gitlab,CVE-2020-10081,system cia loss,4.0
gitlab_gitlab,CVE-2020-10089,system cia loss,5.0
gitlab_gitlab,CVE-2020-13335,system cia loss,4.0
gitlab_gitlab,CVE-2020-13338,system cia loss,3.5
gitlab_gitlab,CVE-2020-13340,system cia loss,3.5
gitlab_gitlab,CVE-2020-13339,gain user privilege,6.0
gitlab_gitlab,CVE-2020-13349,system cia loss,4.0
gitlab_gitlab,CVE-2020-13350,system cia loss,4.3
gitlab_gitlab,CVE-2020-13356,system cia loss,6.4
gitlab_gitlab,CVE-2020-26416,system cia loss,2.1
gitlab_gitlab,CVE-2020-10952,system cia loss,5.8
gitlab_gitlab,CVE-2020-10954,system cia loss,5.0
gitlab_gitlab,CVE-2020-10956,system cia loss,7.5
gitlab_gitlab,CVE-2020-10977,system cia loss,2.1
gitlab_gitlab,CVE-2020-10978,system cia loss,5.0
gitlab_gitlab,CVE-2020-10980,system cia loss,7.5
gitlab_gitlab,CVE-2020-14155,system cia loss,5.0
gitlab_gitlab,CVE-2020-6832,system cia loss,5.0
gitlab_gitlab,CVE-2020-5197,system cia loss,3.5
gitlab_gitlab,CVE-2018-16048,system cia loss,4.0
gitlab_gitlab,CVE-2018-16051,system cia loss,4.0
gitlab_gitlab,CVE-2018-16049,system cia loss,5.0
gitlab_gitlab,CVE-2018-10379,system cia loss,4.3
gitlab_gitlab,CVE-2018-10379,system cia loss,4.3
gitlab_gitlab,CVE-2020-7968,system cia loss,5.0
gitlab_gitlab,CVE-2020-7969,system cia loss,5.0
gitlab_gitlab,CVE-2020-7973,system cia loss,4.3
gitlab_gitlab,CVE-2020-7977,system cia loss,4.3
gitlab_gitlab,CVE-2020-8114,system cia loss,7.5
gitlab_gitlab,CVE-2020-7979,system cia loss,4.3
gitlab_gitlab,CVE-2018-14364,gain user privilege,7.5
gitlab_gitlab,CVE-2018-14606,system cia loss,3.5
gitlab_gitlab,CVE-2018-14605,system cia loss,3.5
gitlab_gitlab,CVE-2018-14604,system cia loss,4.3
gitlab_gitlab,CVE-2018-14603,system cia loss,6.8
gitlab_gitlab,CVE-2018-14602,system cia loss,5.0
gitlab_gitlab,CVE-2018-20229,system cia loss,5.0
gitlab_gitlab,CVE-2018-3710,gain user privilege,6.8
gitlab_gitlab,CVE-2018-17455,system cia loss,7.5
gitlab_gitlab,CVE-2018-17454,system cia loss,5.4
gitlab_gitlab,CVE-2018-17453,system cia loss,5.3
gitlab_gitlab,CVE-2018-17452,system cia loss,9.8
gitlab_gitlab,CVE-2018-17451,system cia loss,8.8
gitlab_gitlab,CVE-2018-17450,system cia loss,4.3
gitlab_gitlab,CVE-2018-17449,system cia loss,7.5
gitlab_gitlab,CVE-2018-15472,system cia loss,7.5
gitlab_gitlab,CVE-2018-17537,system cia loss,5.4
gitlab_gitlab,CVE-2018-17536,system cia loss,5.4
gitlab_gitlab,CVE-2018-18645,system cia loss,4.3
gitlab_gitlab,CVE-2018-18640,system cia loss,4.0
gitlab_gitlab,CVE-2018-18641,system cia loss,5.0
gitlab_gitlab,CVE-2018-18643,system cia loss,4.3
gitlab_gitlab,CVE-2018-18646,system cia loss,6.5
gitlab_gitlab,CVE-2018-18647,system cia loss,5.5
gitlab_gitlab,CVE-2018-19495,system cia loss,4.0
gitlab_gitlab,CVE-2018-19569,gain user privilege,6.5
gitlab_gitlab,CVE-2018-19572,system cia loss,4.3
gitlab_gitlab,CVE-2018-19581,system cia loss,5.0
gitlab_gitlab,CVE-2018-19574,system cia loss,3.5
gitlab_gitlab,CVE-2018-19577,system cia loss,5.0
gitlab_gitlab,CVE-2018-19576,system cia loss,6.4
gitlab_gitlab,CVE-2018-19580,system cia loss,5.0
gitlab_gitlab,CVE-2018-19583,system cia loss,4.0
gitlab_gitlab,CVE-2018-19856,system cia loss,5.0
gitlab_gitlab,CVE-2018-20492,system cia loss,5.0
gitlab_gitlab,CVE-2018-20494,system cia loss,5.0
gitlab_gitlab,CVE-2018-20496,system cia loss,3.5
gitlab_gitlab,CVE-2018-20498,system cia loss,4.0
gitlab_gitlab,CVE-2018-20497,system cia loss,4.0
gitlab_gitlab,CVE-2018-20501,system cia loss,6.5
gitlab_gitlab,CVE-2018-12607,system cia loss,3.5
gitlab_gitlab,CVE-2018-12606,system cia loss,3.5
gitlab_gitlab,CVE-2018-9243,system cia loss,4.3
gitlab_gitlab,CVE-2018-8801,system cia loss,4.0
gitlab_gitlab,CVE-2018-8971,gain user privilege,7.5
gitlab_gitlab,CVE-2022-0124,system cia loss,4.0
gitlab_gitlab,CVE-2022-0093,system cia loss,4.0
gitlab_gitlab,CVE-2022-0090,system cia loss,5.0
gitlab_gitlab,CVE-2022-0123,system cia loss,4.9
gitlab_gitlab,CVE-2022-0154,gain user privilege,6.0
gitlab_gitlab,CVE-2022-0425,system cia loss,6.5
gitlab_gitlab,CVE-2022-0488,system cia loss,4.0
gitlab_gitlab,CVE-2022-0740,system cia loss,4.0
gitlab_gitlab,CVE-2022-2500,system cia loss,5.4
gitlab_gitlab,CVE-2022-2459,system cia loss,2.7
gitlab_gitlab,CVE-2022-2456,system cia loss,2.7
gitlab_gitlab,CVE-2022-2326,system cia loss,8.1
gitlab_gitlab,CVE-2022-2303,system cia loss,4.3
gitlab_gitlab,CVE-2022-2500,system cia loss,5.4
gitlab_gitlab,CVE-2022-2459,system cia loss,2.7
gitlab_gitlab,CVE-2022-2456,system cia loss,2.7
gitlab_gitlab,CVE-2022-2326,system cia loss,8.1
gitlab_gitlab,CVE-2022-2303,system cia loss,4.3
gitlab_gitlab,CVE-2022-1157,system cia loss,3.5
gitlab_gitlab,CVE-2022-1121,system cia loss,5.0
gitlab_gitlab,CVE-2022-1120,system cia loss,4.0
gitlab_gitlab,CVE-2022-1099,system cia loss,4.0
gitlab_gitlab,CVE-2022-1428,system cia loss,4.0
gitlab_gitlab,CVE-2022-1124,system cia loss,3.5
gitlab_gitlab,CVE-2022-1190,system cia loss,3.5
gitlab_gitlab,CVE-2022-1417,system cia loss,4.0
gitlab_gitlab,CVE-2022-1406,system cia loss,4.0
gitlab_gitlab,CVE-2022-1423,gain user privilege,6.5
gitlab_gitlab,CVE-2022-1416,system cia loss,3.5
gitlab_gitlab,CVE-2022-1413,system cia loss,5.0
gitlab_gitlab,CVE-2022-2227,system cia loss,3.5
gitlab_gitlab,CVE-2022-3031,system cia loss,7.5
gitlab_gitlab,CVE-2022-3030,system cia loss,4.3
gitlab_gitlab,CVE-2022-2931,system cia loss,7.5
gitlab_gitlab,CVE-2022-2592,system cia loss,6.5
gitlab_gitlab,CVE-2022-2428,system cia loss,7.3
gitlab_gitlab,CVE-2022-1954,system cia loss,5.0
gitlab_gitlab,CVE-2022-1999,system cia loss,4.3
gitlab_gitlab,CVE-2022-3060,system cia loss,7.3
gitlab_gitlab,CVE-2022-3514,system cia loss,5.3
gitlab_gitlab,CVE-2022-3818,system cia loss,5.3
gitlab_gitlab,CVE-2022-3265,system cia loss,5.4
gitlab_gitlab,CVE-2022-3279,system cia loss,6.5
gitlab_gitlab,CVE-2022-3288,system cia loss,4.3
gitlab_gitlab,CVE-2022-3283,system cia loss,7.5
gitlab_gitlab,CVE-2022-4335,system cia loss,4.3
gitlab_gitlab,CVE-2022-3706,system cia loss,4.3
gitlab_gitlab,CVE-2022-3613,system cia loss,7.5
gitlab_gitlab,CVE-2022-4037,gain user privilege,8.5
gitlab_gitlab,CVE-2022-4205,system cia loss,7.5
gitlab_gitlab,CVE-2022-4376,system cia loss,4.3
gitlab_gitlab,CVE-2022-4138,system cia loss,8.1
gitlab_gitlab,CVE-2021-22176,system cia loss,4.0
gitlab_gitlab,CVE-2021-22189,system cia loss,6.5
gitlab_gitlab,CVE-2021-22187,system cia loss,4.0
gitlab_gitlab,CVE-2021-22193,system cia loss,3.5
gitlab_gitlab,CVE-2021-22194,system cia loss,2.1
gitlab_gitlab,CVE-2021-22202,system cia loss,4.3
gitlab_gitlab,CVE-2021-22213,system cia loss,4.3
gitlab_gitlab,CVE-2021-22217,system cia loss,4.0
gitlab_gitlab,CVE-2021-22216,system cia loss,4.0
gitlab_gitlab,CVE-2021-22227,system cia loss,4.3
gitlab_gitlab,CVE-2021-22228,system cia loss,4.0
gitlab_gitlab,CVE-2021-22231,system cia loss,4.0
gitlab_gitlab,CVE-2021-22231,system cia loss,4.0
gitlab_gitlab,CVE-2021-22243,system cia loss,4.0
gitlab_gitlab,CVE-2021-22245,system cia loss,4.0
gitlab_gitlab,CVE-2021-22246,system cia loss,4.0
gitlab_gitlab,CVE-2021-22258,system cia loss,4.0
gitlab_gitlab,CVE-2021-39875,system cia loss,5.0
gitlab_gitlab,CVE-2021-39872,system cia loss,4.0
gitlab_gitlab,CVE-2021-39871,system cia loss,4.0
gitlab_gitlab,CVE-2021-39869,system cia loss,4.3
gitlab_gitlab,CVE-2021-39868,system cia loss,4.0
gitlab_gitlab,CVE-2021-39867,system cia loss,5.5
gitlab_gitlab,CVE-2021-39866,system cia loss,5.5
gitlab_gitlab,CVE-2021-39873,system cia loss,4.3
gitlab_gitlab,CVE-2021-39879,system cia loss,4.0
gitlab_gitlab,CVE-2021-39881,system cia loss,3.5
gitlab_gitlab,CVE-2021-39882,system cia loss,5.0
gitlab_gitlab,CVE-2021-39884,system cia loss,4.0
gitlab_gitlab,CVE-2021-39887,system cia loss,3.5
gitlab_gitlab,CVE-2021-39896,system cia loss,5.5
gitlab_gitlab,CVE-2021-39891,system cia loss,4.0
gitlab_gitlab,CVE-2021-39895,system cia loss,2.1
gitlab_gitlab,CVE-2021-39894,system cia loss,5.5
gitlab_gitlab,CVE-2021-39899,system cia loss,1.9
gitlab_gitlab,CVE-2021-39905,system cia loss,4.0
gitlab_gitlab,CVE-2021-39908,system cia loss,5.0
gitlab_gitlab,CVE-2021-39913,gain root privilege,7.2
gitlab_gitlab,CVE-2021-39914,system cia loss,5.0
gitlab_gitlab,CVE-2021-39927,system cia loss,3.5
gitlab_gitlab,CVE-2021-39931,system cia loss,3.5
gitlab_gitlab,CVE-2021-39937,system cia loss,6.5
phpmailer_project_phpmailer,CVE-2020-13625,system cia loss,5.0
phpmailer_project_phpmailer,CVE-2018-19296,system cia loss,6.8
phpmailer_project_phpmailer,CVE-2021-34551,gain user privilege,5.1
phpmailer_project_phpmailer,CVE-2021-3603,system cia loss,6.8
ruby-lang_ruby,CVE-2019-16201,system cia loss,7.8
ruby-lang_ruby,CVE-2019-16255,system cia loss,6.8
ruby-lang_ruby,CVE-2019-15845,system cia loss,6.4
ruby-lang_ruby,CVE-2019-16254,system cia loss,5.0
ruby-lang_ruby,CVE-2017-11465,system cia loss,7.5
ruby-lang_ruby,CVE-2023-28756,system cia loss,5.3
ruby-lang_ruby,CVE-2017-14064,system cia loss,7.5
ruby-lang_ruby,CVE-2017-10784,gain root privilege,9.3
ruby-lang_ruby,CVE-2017-14033,system cia loss,5.0
ruby-lang_ruby,CVE-2017-0898,system cia loss,6.4
ruby-lang_ruby,CVE-2017-17790,system cia loss,7.5
ruby-lang_ruby,CVE-2017-17405,gain root privilege,9.3
ruby-lang_ruby,CVE-2017-17742,system cia loss,5.0
ruby-lang_ruby,CVE-2018-8779,system cia loss,5.0
ruby-lang_ruby,CVE-2018-8778,system cia loss,5.0
ruby-lang_ruby,CVE-2018-8777,system cia loss,5.0
ruby-lang_ruby,CVE-2018-6914,system cia loss,5.0
ruby-lang_ruby,CVE-2017-9229,system cia loss,5.0
ruby-lang_ruby,CVE-2017-9225,system cia loss,7.5
ruby-lang_ruby,CVE-2020-25613,system cia loss,5.0
ruby-lang_ruby,CVE-2020-5247,system cia loss,5.0
ruby-lang_ruby,CVE-2018-16396,system cia loss,6.8
ruby-lang_ruby,CVE-2018-16395,system cia loss,7.5
ruby-lang_ruby,CVE-2018-8780,system cia loss,7.5
ruby-lang_ruby,CVE-2022-28739,system cia loss,4.3
ruby-lang_ruby,CVE-2021-31810,system cia loss,5.0
ruby-lang_ruby,CVE-2021-28966,system cia loss,5.0
ruby-lang_ruby,CVE-2021-28965,system cia loss,5.0
ruby-lang_ruby,CVE-2021-41819,system cia loss,5.0
oracle_weblogic_server,CVE-2019-2827,system cia loss,5.5
oracle_weblogic_server,CVE-2019-2824,system cia loss,5.5
oracle_weblogic_server,CVE-2019-2729,gain user privilege,7.5
oracle_weblogic_server,CVE-2019-2650,system cia loss,5.0
oracle_weblogic_server,CVE-2019-2649,system cia loss,5.0
oracle_weblogic_server,CVE-2019-2648,system cia loss,5.0
oracle_weblogic_server,CVE-2019-2647,system cia loss,5.0
oracle_weblogic_server,CVE-2019-2646,gain user privilege,7.5
oracle_weblogic_server,CVE-2019-2645,gain user privilege,7.5
oracle_weblogic_server,CVE-2019-2618,system cia loss,5.5
oracle_weblogic_server,CVE-2019-2615,system cia loss,4.0
oracle_weblogic_server,CVE-2019-2568,system cia loss,4.0
oracle_weblogic_server,CVE-2019-2891,gain user privilege,6.8
oracle_weblogic_server,CVE-2019-2890,gain user privilege,6.5
oracle_weblogic_server,CVE-2019-2888,system cia loss,5.0
oracle_weblogic_server,CVE-2019-2887,system cia loss,4.0
oracle_weblogic_server,CVE-2017-10352,system cia loss,7.5
oracle_weblogic_server,CVE-2016-7103,system cia loss,4.3
oracle_weblogic_server,CVE-2021-2047,gain user privilege,7.5
oracle_weblogic_server,CVE-2018-3252,gain user privilege,7.5
oracle_weblogic_server,CVE-2018-3245,gain user privilege,7.5
oracle_weblogic_server,CVE-2018-3191,gain user privilege,7.5
oracle_weblogic_server,CVE-2018-2933,system cia loss,4.9
oracle_weblogic_server,CVE-2018-1257,system cia loss,4.0
oracle_weblogic_server,CVE-2018-11039,system cia loss,4.3
oracle_weblogic_server,CVE-2019-2856,gain user privilege,7.5
oracle_weblogic_server,CVE-2019-2889,system cia loss,5.8
oracle_weblogic_server,CVE-2019-17267,system cia loss,7.5
oracle_weblogic_server,CVE-2019-14540,system cia loss,7.5
oracle_weblogic_server,CVE-2019-16335,system cia loss,7.5
oracle_weblogic_server,CVE-2020-14757,system cia loss,6.8
oracle_weblogic_server,CVE-2021-2018,gain user privilege,5.1
oracle_weblogic_server,CVE-2018-3201,gain user privilege,7.5
oracle_weblogic_server,CVE-2018-11040,system cia loss,4.3
oracle_weblogic_server,CVE-2018-10237,system cia loss,4.3
oracle_weblogic_server,CVE-2019-3740,system cia loss,4.3
oracle_weblogic_server,CVE-2019-3739,system cia loss,4.3
oracle_weblogic_server,CVE-2019-17571,gain user privilege,7.5
oracle_weblogic_server,CVE-2019-11358,system cia loss,4.3
oracle_weblogic_server,CVE-2020-5421,system cia loss,3.6
oracle_weblogic_server,CVE-2020-2967,system cia loss,5.0
oracle_weblogic_server,CVE-2020-14883,gain root privilege,9.0
oracle_weblogic_server,CVE-2020-14882,gain root privilege,10.0
oracle_weblogic_server,CVE-2020-14859,gain root privilege,10.0
oracle_weblogic_server,CVE-2020-14589,system cia loss,5.0
oracle_weblogic_server,CVE-2020-14588,system cia loss,6.4
oracle_weblogic_server,CVE-2020-14841,gain user privilege,7.5
oracle_weblogic_server,CVE-2020-14820,system cia loss,5.0
oracle_weblogic_server,CVE-2020-14652,system cia loss,6.4
oracle_weblogic_server,CVE-2020-14645,gain user privilege,7.5
oracle_weblogic_server,CVE-2020-14622,system cia loss,4.0
oracle_weblogic_server,CVE-2020-11022,system cia loss,4.3
oracle_weblogic_server,CVE-2017-5645,gain user privilege,7.5
oracle_weblogic_server,CVE-2021-35620,system cia loss,5.0
oracle_weblogic_server,CVE-2021-2403,system cia loss,5.0
oracle_weblogic_server,CVE-2021-2294,system cia loss,6.4
oracle_weblogic_server,CVE-2021-2397,gain user privilege,7.5
oracle_weblogic_server,CVE-2021-2394,gain root privilege,10.0
oracle_weblogic_server,CVE-2021-2382,gain user privilege,7.5
oracle_weblogic_server,CVE-2021-2378,system cia loss,5.0
oracle_weblogic_server,CVE-2021-2376,system cia loss,5.0
oracle_weblogic_server,CVE-2021-2204,system cia loss,5.0
oracle_weblogic_server,CVE-2021-2214,system cia loss,3.5
oracle_weblogic_server,CVE-2021-2109,gain user privilege,6.5
oracle_weblogic_server,CVE-2021-2075,gain user privilege,7.5
oracle_weblogic_server,CVE-2021-2211,system cia loss,4.3
oracle_weblogic_server,CVE-2019-10219,system cia loss,4.3
oracle_weblogic_server,CVE-2020-2934,system cia loss,5.1
oracle_weblogic_server,CVE-2020-14557,system cia loss,4.0
oracle_weblogic_server,CVE-2020-14640,system cia loss,5.8
oracle_weblogic_server,CVE-2020-14639,system cia loss,5.0
oracle_weblogic_server,CVE-2020-14638,system cia loss,5.8
oracle_weblogic_server,CVE-2020-14637,system cia loss,5.8
oracle_weblogic_server,CVE-2020-14636,system cia loss,5.8
oracle_weblogic_server,CVE-2020-11023,system cia loss,4.3
oracle_weblogic_server,CVE-2021-35617,gain user privilege,7.5
oracle_weblogic_server,CVE-2021-29425,system cia loss,5.8
oracle_weblogic_server,CVE-2021-2136,gain user privilege,7.5
oracle_weblogic_server,CVE-2021-21350,gain user privilege,7.5
oracle_weblogic_server,CVE-2021-21347,gain user privilege,7.5
oracle_weblogic_server,CVE-2021-2033,system cia loss,4.0
oracle_weblogic_server,CVE-2022-21386,system cia loss,5.8
oracle_weblogic_server,CVE-2022-21371,system cia loss,5.0
oracle_weblogic_server,CVE-2022-21350,system cia loss,6.4
oracle_weblogic_server,CVE-2022-21347,system cia loss,6.4
oracle_weblogic_server,CVE-2022-21306,gain user privilege,7.5
oracle_weblogic_server,CVE-2019-20330,system cia loss,7.5
oracle_weblogic_server,CVE-2019-17195,system cia loss,6.8
oracle_weblogic_server,CVE-2019-17359,system cia loss,5.0
oracle_weblogic_server,CVE-2019-16943,gain user privilege,6.8
oracle_weblogic_server,CVE-2019-16942,gain user privilege,7.5
oracle_weblogic_server,CVE-2019-17531,gain user privilege,6.8
oracle_weblogic_server,CVE-2020-9548,system cia loss,6.8
oracle_weblogic_server,CVE-2020-9547,system cia loss,6.8
oracle_weblogic_server,CVE-2020-9546,system cia loss,6.8
oracle_weblogic_server,CVE-2020-5398,system cia loss,7.6
oracle_weblogic_server,CVE-2020-5397,system cia loss,2.6
oracle_weblogic_server,CVE-2020-11620,system cia loss,6.8
oracle_weblogic_server,CVE-2020-11619,system cia loss,6.8
oracle_weblogic_server,CVE-2020-11112,system cia loss,6.8
oracle_weblogic_server,CVE-2020-11111,system cia loss,6.8
oracle_weblogic_server,CVE-2020-10673,system cia loss,6.8
oracle_weblogic_server,CVE-2020-10672,system cia loss,6.8
oracle_weblogic_server,CVE-2020-10969,system cia loss,6.8
oracle_weblogic_server,CVE-2020-10968,system cia loss,6.8
oracle_weblogic_server,CVE-2020-11113,system cia loss,6.8
oracle_weblogic_server,CVE-2023-21960,system cia loss,5.6
oracle_weblogic_server,CVE-2019-2452,system cia loss,6.5
oracle_weblogic_server,CVE-2019-2418,system cia loss,6.8
oracle_weblogic_server,CVE-2019-2398,system cia loss,4.0
oracle_weblogic_server,CVE-2018-1258,gain user privilege,6.5
oracle_weblogic_server,CVE-2019-2441,system cia loss,5.0
oracle_weblogic_server,CVE-2018-1313,system cia loss,3.5
oracle_weblogic_server,CVE-2018-1000613,gain user privilege,7.5
oracle_weblogic_server,CVE-2020-36518,system cia loss,5.0
oracle_weblogic_server,CVE-2020-28491,system cia loss,5.0
oracle_weblogic_server,CVE-2020-14825,gain user privilege,7.5
oracle_weblogic_server,CVE-2020-14687,gain user privilege,7.5
oracle_weblogic_server,CVE-2020-14644,gain user privilege,7.5
oracle_weblogic_server,CVE-2020-14625,gain user privilege,7.5
oracle_weblogic_server,CVE-2021-45105,system cia loss,4.3
oracle_weblogic_server,CVE-2021-44832,gain root privilege,8.5
oracle_weblogic_server,CVE-2021-41184,system cia loss,4.3
oracle_weblogic_server,CVE-2021-41183,system cia loss,4.3
oracle_weblogic_server,CVE-2021-41182,system cia loss,4.3
oracle_weblogic_server,CVE-2021-4104,gain user privilege,6.0
oracle_weblogic_server,CVE-2021-35552,system cia loss,5.0
oracle_weblogic_server,CVE-2021-27568,system cia loss,4.3
oracle_weblogic_server,CVE-2021-2351,gain user privilege,5.1
oracle_weblogic_server,CVE-2021-2135,gain user privilege,7.5
oracle_weblogic_server,CVE-2023-21996,system cia loss,7.5
oracle_weblogic_server,CVE-2023-21979,system cia loss,7.5
oracle_weblogic_server,CVE-2023-21964,system cia loss,7.5
oracle_weblogic_server,CVE-2023-21931,system cia loss,7.5
oracle_weblogic_server,CVE-2023-21842,system cia loss,7.5
oracle_weblogic_server,CVE-2023-21841,system cia loss,7.5
oracle_weblogic_server,CVE-2023-21839,system cia loss,7.5
oracle_weblogic_server,CVE-2023-21838,system cia loss,7.5
oracle_weblogic_server,CVE-2023-21837,system cia loss,7.5
oracle_weblogic_server,CVE-2022-29577,system cia loss,4.3
oracle_weblogic_server,CVE-2022-24891,system cia loss,4.3
oracle_weblogic_server,CVE-2022-24839,system cia loss,5.0
oracle_weblogic_server,CVE-2022-22965,gain user privilege,7.5
oracle_weblogic_server,CVE-2022-23457,system cia loss,7.5
oracle_weblogic_server,CVE-2022-23437,system cia loss,7.1
oracle_weblogic_server,CVE-2022-23307,system cia loss,9.0
oracle_weblogic_server,CVE-2022-23305,gain user privilege,6.8
oracle_weblogic_server,CVE-2022-23302,gain user privilege,6.0
oracle_weblogic_server,CVE-2022-21353,system cia loss,6.4
oracle_weblogic_server,CVE-2022-21616,system cia loss,5.2
oracle_weblogic_server,CVE-2022-21564,system cia loss,5.3
oracle_weblogic_server,CVE-2022-21560,system cia loss,5.3
oracle_weblogic_server,CVE-2022-21557,system cia loss,5.7
oracle_weblogic_server,CVE-2022-21548,system cia loss,6.5
oracle_weblogic_server,CVE-2022-21453,system cia loss,5.8
oracle_weblogic_server,CVE-2022-21441,system cia loss,5.0
oracle_weblogic_server,CVE-2017-15707,system cia loss,5.0
oracle_weblogic_server,CVE-2020-2966,system cia loss,5.8
oracle_weblogic_server,CVE-2020-2963,gain user privilege,6.5
oracle_weblogic_server,CVE-2020-2884,gain user privilege,7.5
oracle_weblogic_server,CVE-2020-2883,gain user privilege,7.5
oracle_weblogic_server,CVE-2020-2869,system cia loss,4.3
oracle_weblogic_server,CVE-2020-2766,system cia loss,5.0
oracle_weblogic_server,CVE-2020-2811,system cia loss,5.8
oracle_weblogic_server,CVE-2020-2801,gain user privilege,7.5
oracle_weblogic_server,CVE-2020-2798,gain user privilege,6.5
oracle_weblogic_server,CVE-2020-2519,system cia loss,4.3
oracle_weblogic_server,CVE-2020-2551,gain user privilege,7.5
oracle_weblogic_server,CVE-2020-2550,system cia loss,3.6
oracle_weblogic_server,CVE-2020-2547,system cia loss,4.9
oracle_weblogic_server,CVE-2020-2544,system cia loss,4.3
oracle_weblogic_server,CVE-2020-14572,system cia loss,4.3
oracle_weblogic_server,CVE-2021-2157,system cia loss,5.0
oracle_weblogic_server,CVE-2018-15756,system cia loss,5.0
oracle_weblogic_server,CVE-2020-2867,system cia loss,6.4
oracle_weblogic_server,CVE-2018-3246,system cia loss,5.0
oracle_weblogic_server,CVE-2018-2625,system cia loss,5.0
oracle_weblogic_server,CVE-2018-2628,gain user privilege,7.5
oracle_weblogic_server,CVE-2018-2998,system cia loss,5.5
oracle_weblogic_server,CVE-2018-2987,system cia loss,5.8
oracle_weblogic_server,CVE-2018-2935,system cia loss,5.8
oracle_weblogic_server,CVE-2018-2894,gain user privilege,7.5
oracle_weblogic_server,CVE-2018-2893,gain user privilege,7.5
oracle_weblogic_server,CVE-2018-3213,system cia loss,5.0
oracle_weblogic_server,CVE-2015-9251,system cia loss,4.3
git_git-shell,CVE-2017-8386,gain user privilege,6.5
openbsd_opensmtpd,CVE-2020-7247,gain root privilege,10.0
jenkins_jenkins,CVE-2019-1003003,gain user privilege,6.5
jenkins_jenkins,CVE-2019-1003004,system cia loss,6.5
jenkins_jenkins,CVE-2019-1003049,system cia loss,6.8
jenkins_jenkins,CVE-2019-1003049,system cia loss,6.8
jenkins_jenkins,CVE-2019-1003050,system cia loss,3.5
jenkins_jenkins,CVE-2019-10354,system cia loss,4.0
jenkins_jenkins,CVE-2019-10353,system cia loss,5.1
jenkins_jenkins,CVE-2019-10352,system cia loss,4.0
jenkins_jenkins,CVE-2019-10384,gain user privilege,6.8
jenkins_jenkins,CVE-2019-10383,system cia loss,3.5
jenkins_jenkins,CVE-2019-10406,system cia loss,3.5
jenkins_jenkins,CVE-2019-10405,system cia loss,3.5
jenkins_jenkins,CVE-2019-10404,system cia loss,3.5
jenkins_jenkins,CVE-2019-10403,system cia loss,3.5
jenkins_jenkins,CVE-2019-10402,system cia loss,3.5
jenkins_jenkins,CVE-2019-10401,system cia loss,3.5
jenkins_jenkins,CVE-2017-1000356,gain user privilege,6.8
jenkins_jenkins,CVE-2017-1000355,system cia loss,4.0
jenkins_jenkins,CVE-2017-1000354,gain user privilege,6.5
jenkins_jenkins,CVE-2017-1000353,gain user privilege,7.5
jenkins_jenkins,CVE-2017-1000356,gain user privilege,6.8
jenkins_jenkins,CVE-2017-1000355,system cia loss,4.0
jenkins_jenkins,CVE-2017-1000354,gain user privilege,6.5
jenkins_jenkins,CVE-2017-1000353,gain user privilege,7.5
jenkins_jenkins,CVE-2017-1000392,system cia loss,3.5
jenkins_jenkins,CVE-2017-1000391,system cia loss,4.9
jenkins_jenkins,CVE-2017-1000401,system cia loss,1.2
jenkins_jenkins,CVE-2017-1000400,system cia loss,4.0
jenkins_jenkins,CVE-2017-1000399,system cia loss,4.0
jenkins_jenkins,CVE-2017-1000398,system cia loss,4.0
jenkins_jenkins,CVE-2017-1000396,system cia loss,4.3
jenkins_jenkins,CVE-2017-1000395,system cia loss,4.0
jenkins_jenkins,CVE-2017-1000394,system cia loss,5.0
jenkins_jenkins,CVE-2017-1000393,gain root privilege,9.0
jenkins_jenkins,CVE-2023-27904,system cia loss,5.3
jenkins_jenkins,CVE-2023-27903,system cia loss,4.4
jenkins_jenkins,CVE-2023-27902,system cia loss,4.3
jenkins_jenkins,CVE-2023-27901,system cia loss,7.5
jenkins_jenkins,CVE-2023-27900,system cia loss,7.5
jenkins_jenkins,CVE-2023-27899,gain user privilege,7.0
jenkins_jenkins,CVE-2023-35141,system cia loss,8.0
jenkins_jenkins,CVE-2017-1000504,gain user privilege,6.8
jenkins_jenkins,CVE-2017-17383,system cia loss,3.5
jenkins_jenkins,CVE-2020-2223,system cia loss,3.5
jenkins_jenkins,CVE-2020-2222,system cia loss,3.5
jenkins_jenkins,CVE-2020-2221,system cia loss,3.5
jenkins_jenkins,CVE-2020-2220,system cia loss,3.5
jenkins_jenkins,CVE-2020-2231,system cia loss,3.5
jenkins_jenkins,CVE-2020-2230,system cia loss,3.5
jenkins_jenkins,CVE-2020-2229,system cia loss,3.5
jenkins_jenkins,CVE-2020-2251,system cia loss,4.0
jenkins_jenkins,CVE-2020-2105,system cia loss,4.3
jenkins_jenkins,CVE-2020-2104,system cia loss,4.0
jenkins_jenkins,CVE-2020-2103,system cia loss,4.0
jenkins_jenkins,CVE-2020-2102,system cia loss,3.5
jenkins_jenkins,CVE-2020-2101,system cia loss,3.5
jenkins_jenkins,CVE-2020-2100,system cia loss,5.0
jenkins_jenkins,CVE-2020-2099,system cia loss,7.5
jenkins_jenkins,CVE-2020-2163,system cia loss,3.5
jenkins_jenkins,CVE-2020-2162,system cia loss,3.5
jenkins_jenkins,CVE-2020-2161,system cia loss,3.5
jenkins_jenkins,CVE-2020-2160,system cia loss,6.8
jenkins_jenkins,CVE-2018-1000068,system cia loss,5.0
jenkins_jenkins,CVE-2018-1000067,system cia loss,5.0
jenkins_jenkins,CVE-2018-1000068,system cia loss,5.0
jenkins_jenkins,CVE-2018-1000067,system cia loss,5.0
jenkins_jenkins,CVE-2018-1000170,system cia loss,3.5
jenkins_jenkins,CVE-2018-1000169,system cia loss,5.0
jenkins_jenkins,CVE-2018-1000195,system cia loss,4.3
jenkins_jenkins,CVE-2018-1000194,system cia loss,5.5
jenkins_jenkins,CVE-2018-1000193,system cia loss,4.0
jenkins_jenkins,CVE-2018-1000192,system cia loss,4.0
jenkins_jenkins,CVE-2018-1000195,system cia loss,4.3
jenkins_jenkins,CVE-2018-1000194,system cia loss,5.5
jenkins_jenkins,CVE-2018-1000193,system cia loss,4.0
jenkins_jenkins,CVE-2018-1000192,system cia loss,4.0
jenkins_jenkins,CVE-2018-1000997,system cia loss,4.0
jenkins_jenkins,CVE-2018-1000410,system cia loss,2.1
jenkins_jenkins,CVE-2018-1000409,system cia loss,5.8
jenkins_jenkins,CVE-2018-1000408,system cia loss,6.4
jenkins_jenkins,CVE-2018-1000407,system cia loss,4.3
jenkins_jenkins,CVE-2018-1000406,system cia loss,4.0
jenkins_jenkins,CVE-2018-1000864,system cia loss,4.0
jenkins_jenkins,CVE-2018-1000863,system cia loss,6.4
jenkins_jenkins,CVE-2018-1000862,system cia loss,4.0
jenkins_jenkins,CVE-2018-1000861,gain root privilege,10.0
jenkins_jenkins,CVE-2018-1999007,system cia loss,3.5
jenkins_jenkins,CVE-2018-1999005,system cia loss,3.5
jenkins_jenkins,CVE-2018-1999004,system cia loss,4.0
jenkins_jenkins,CVE-2018-1999003,system cia loss,4.0
jenkins_jenkins,CVE-2018-1999002,system cia loss,5.0
jenkins_jenkins,CVE-2018-1999001,system cia loss,4.3
jenkins_jenkins,CVE-2018-1999006,system cia loss,4.0
jenkins_jenkins,CVE-2018-1999047,system cia loss,4.0
jenkins_jenkins,CVE-2018-1999046,system cia loss,4.0
jenkins_jenkins,CVE-2018-1999045,system cia loss,5.5
jenkins_jenkins,CVE-2018-1999044,system cia loss,4.0
jenkins_jenkins,CVE-2018-1999043,system cia loss,5.0
jenkins_jenkins,CVE-2018-1999042,system cia loss,5.0
jenkins_jenkins,CVE-2018-6356,system cia loss,4.0
jenkins_jenkins,CVE-2018-6356,system cia loss,4.0
jenkins_jenkins,CVE-2022-0538,system cia loss,5.0
jenkins_jenkins,CVE-2022-2048,system cia loss,5.0
jenkins_jenkins,CVE-2022-20612,system cia loss,2.6
jenkins_jenkins,CVE-2022-34174,system cia loss,5.0
jenkins_jenkins,CVE-2021-21611,system cia loss,3.5
jenkins_jenkins,CVE-2021-21610,system cia loss,4.3
jenkins_jenkins,CVE-2021-21609,system cia loss,5.0
jenkins_jenkins,CVE-2021-21608,system cia loss,3.5
jenkins_jenkins,CVE-2021-21607,system cia loss,4.0
jenkins_jenkins,CVE-2021-21606,system cia loss,4.0
jenkins_jenkins,CVE-2021-21605,system cia loss,6.0
jenkins_jenkins,CVE-2021-21604,system cia loss,6.0
jenkins_jenkins,CVE-2021-21603,system cia loss,3.5
jenkins_jenkins,CVE-2021-21602,system cia loss,4.0
jenkins_jenkins,CVE-2021-21615,system cia loss,3.5
jenkins_jenkins,CVE-2021-28165,system cia loss,7.8
jenkins_jenkins,CVE-2021-21640,system cia loss,4.0
jenkins_jenkins,CVE-2021-21639,system cia loss,4.0
jenkins_jenkins,CVE-2021-21670,system cia loss,4.0
jenkins_jenkins,CVE-2021-21683,system cia loss,4.0
jenkins_jenkins,CVE-2021-21682,system cia loss,4.0
jenkins_jenkins,CVE-2021-21695,system cia loss,6.8
jenkins_jenkins,CVE-2021-21694,system cia loss,7.5
jenkins_jenkins,CVE-2021-21693,system cia loss,7.5
jenkins_jenkins,CVE-2021-21692,system cia loss,7.5
jenkins_jenkins,CVE-2021-21691,system cia loss,7.5
jenkins_jenkins,CVE-2021-21690,system cia loss,7.5
jenkins_jenkins,CVE-2021-21689,system cia loss,6.4
jenkins_jenkins,CVE-2021-21688,system cia loss,5.0
jenkins_jenkins,CVE-2021-21687,system cia loss,6.4
jenkins_jenkins,CVE-2021-21686,system cia loss,5.8
jenkins_jenkins,CVE-2021-21685,system cia loss,6.4
jenkins_jenkins,CVE-2021-21697,system cia loss,6.4
jenkins_jenkins,CVE-2021-21696,gain user privilege,7.5
neo4j_neo4j,CVE-2021-34371,gain user privilege,7.5
openbsd_openssh,CVE-2016-20012,system cia loss,4.3
openbsd_openssh,CVE-2019-16905,gain user privilege,4.4
openbsd_openssh,CVE-2019-6111,system cia loss,5.8
openbsd_openssh,CVE-2019-6110,system cia loss,4.0
openbsd_openssh,CVE-2019-6109,system cia loss,4.0
openbsd_openssh,CVE-2018-20685,system cia loss,2.6
openbsd_openssh,CVE-2007-2768,system cia loss,4.3
openbsd_openssh,CVE-2008-3844,gain root privilege,9.3
openbsd_openssh,CVE-2014-9278,system cia loss,4.0
openbsd_openssh,CVE-2020-14145,system cia loss,4.3
openbsd_openssh,CVE-2020-15778,system cia loss,6.8
openbsd_openssh,CVE-2018-15919,system cia loss,5.0
openbsd_openssh,CVE-2018-15473,system cia loss,5.0
openbsd_openssh,CVE-2021-36368,system cia loss,2.6
openbsd_openssh,CVE-2021-41617,gain user privilege,4.4
polkit_project_polkit,CVE-2013-4288,gain root privilege,7.2
polkit_project_polkit,CVE-2018-1116,system cia loss,3.6
polkit_project_polkit,CVE-2015-4625,gain user privilege,4.6
polkit_project_polkit,CVE-2015-3256,gain user privilege,4.6
polkit_project_polkit,CVE-2015-3255,gain user privilege,4.6
polkit_project_polkit,CVE-2015-3218,system cia loss,2.1
polkit_project_polkit,CVE-2021-3560,gain root privilege,7.2
polkit_project_polkit,CVE-2021-4034,gain root privilege,7.2
elastic_kibana,CVE-2019-7610,gain root privilege,9.3
elastic_kibana,CVE-2019-7609,gain root privilege,10.0
elastic_kibana,CVE-2019-7608,system cia loss,4.3
elastic_kibana,CVE-2019-7616,system cia loss,4.0
elastic_kibana,CVE-2019-7621,system cia loss,3.5
elastic_kibana,CVE-2017-11482,system cia loss,5.8
elastic_kibana,CVE-2017-11481,system cia loss,4.3
elastic_kibana,CVE-2020-10743,system cia loss,4.3
elastic_kibana,CVE-2020-7013,gain user privilege,6.5
elastic_kibana,CVE-2020-7015,system cia loss,3.5
elastic_kibana,CVE-2018-17245,system cia loss,5.0
elastic_kibana,CVE-2018-17246,gain user privilege,7.5
elastic_kibana,CVE-2018-3818,system cia loss,4.3
elastic_kibana,CVE-2018-3819,system cia loss,5.8
elastic_kibana,CVE-2018-3821,system cia loss,4.3
elastic_kibana,CVE-2018-3830,system cia loss,4.3
elastic_kibana,CVE-2021-22136,system cia loss,3.6
elastic_kibana,CVE-2021-22139,system cia loss,4.0
elastic_kibana,CVE-2021-22141,system cia loss,6.1
elastic_kibana,CVE-2021-37936,system cia loss,5.4
phpmyadmin_phpmyadmin,CVE-2015-8669,system cia loss,5.0
phpmyadmin_phpmyadmin,CVE-2016-2041,system cia loss,5.0
phpmyadmin_phpmyadmin,CVE-2016-2040,system cia loss,3.5
phpmyadmin_phpmyadmin,CVE-2016-2039,system cia loss,5.0
phpmyadmin_phpmyadmin,CVE-2016-2038,system cia loss,5.0
phpmyadmin_phpmyadmin,CVE-2016-1927,system cia loss,5.0
phpmyadmin_phpmyadmin,CVE-2016-2043,system cia loss,3.5
phpmyadmin_phpmyadmin,CVE-2016-2042,system cia loss,5.0
phpmyadmin_phpmyadmin,CVE-2016-5097,system cia loss,5.0
phpmyadmin_phpmyadmin,CVE-2016-6629,system cia loss,10.0
phpmyadmin_phpmyadmin,CVE-2016-6628,gain user privilege,6.8
phpmyadmin_phpmyadmin,CVE-2016-6627,system cia loss,5.0
phpmyadmin_phpmyadmin,CVE-2016-6626,system cia loss,5.8
phpmyadmin_phpmyadmin,CVE-2016-6625,system cia loss,4.0
phpmyadmin_phpmyadmin,CVE-2016-6624,system cia loss,4.3
phpmyadmin_phpmyadmin,CVE-2016-6623,system cia loss,4.0
phpmyadmin_phpmyadmin,CVE-2016-6622,system cia loss,4.3
phpmyadmin_phpmyadmin,CVE-2016-6620,gain user privilege,7.5
phpmyadmin_phpmyadmin,CVE-2016-6619,gain user privilege,6.5
phpmyadmin_phpmyadmin,CVE-2016-6618,system cia loss,4.0
phpmyadmin_phpmyadmin,CVE-2016-6616,gain user privilege,6.8
phpmyadmin_phpmyadmin,CVE-2016-6615,system cia loss,4.3
phpmyadmin_phpmyadmin,CVE-2016-6614,system cia loss,4.3
phpmyadmin_phpmyadmin,CVE-2016-6613,system cia loss,2.1
phpmyadmin_phpmyadmin,CVE-2016-6612,system cia loss,4.0
phpmyadmin_phpmyadmin,CVE-2016-6611,system cia loss,5.1
phpmyadmin_phpmyadmin,CVE-2016-6610,system cia loss,4.0
phpmyadmin_phpmyadmin,CVE-2016-6609,system cia loss,6.5
phpmyadmin_phpmyadmin,CVE-2016-6607,system cia loss,4.3
phpmyadmin_phpmyadmin,CVE-2016-6606,system cia loss,5.0
phpmyadmin_phpmyadmin,CVE-2016-6633,gain user privilege,6.8
phpmyadmin_phpmyadmin,CVE-2016-6632,system cia loss,4.3
phpmyadmin_phpmyadmin,CVE-2016-6631,gain root privilege,8.5
phpmyadmin_phpmyadmin,CVE-2016-6630,system cia loss,4.0
phpmyadmin_phpmyadmin,CVE-2016-6621,system cia loss,5.0
phpmyadmin_phpmyadmin,CVE-2016-2560,system cia loss,4.3
phpmyadmin_phpmyadmin,CVE-2016-2561,system cia loss,3.5
phpmyadmin_phpmyadmin,CVE-2016-9866,system cia loss,6.8
phpmyadmin_phpmyadmin,CVE-2016-9865,system cia loss,7.5
phpmyadmin_phpmyadmin,CVE-2016-9864,gain user privilege,6.0
phpmyadmin_phpmyadmin,CVE-2016-9861,system cia loss,5.0
phpmyadmin_phpmyadmin,CVE-2016-9860,system cia loss,4.3
phpmyadmin_phpmyadmin,CVE-2016-9859,system cia loss,5.0
phpmyadmin_phpmyadmin,CVE-2016-9858,system cia loss,5.0
phpmyadmin_phpmyadmin,CVE-2016-9857,system cia loss,4.3
phpmyadmin_phpmyadmin,CVE-2016-9856,system cia loss,4.3
phpmyadmin_phpmyadmin,CVE-2016-9855,system cia loss,5.0
phpmyadmin_phpmyadmin,CVE-2016-9854,system cia loss,5.0
phpmyadmin_phpmyadmin,CVE-2016-9853,system cia loss,5.0
phpmyadmin_phpmyadmin,CVE-2016-9852,system cia loss,5.0
phpmyadmin_phpmyadmin,CVE-2016-9851,system cia loss,5.0
phpmyadmin_phpmyadmin,CVE-2016-9850,system cia loss,5.0
phpmyadmin_phpmyadmin,CVE-2016-9849,gain user privilege,7.5
phpmyadmin_phpmyadmin,CVE-2016-9848,system cia loss,5.0
phpmyadmin_phpmyadmin,CVE-2016-9847,system cia loss,5.0
phpmyadmin_phpmyadmin,CVE-2019-12616,system cia loss,4.3
phpmyadmin_phpmyadmin,CVE-2016-5739,system cia loss,5.0
phpmyadmin_phpmyadmin,CVE-2016-5734,gain user privilege,7.5
phpmyadmin_phpmyadmin,CVE-2016-5733,system cia loss,4.3
phpmyadmin_phpmyadmin,CVE-2016-5731,system cia loss,4.3
phpmyadmin_phpmyadmin,CVE-2016-5730,system cia loss,5.0
phpmyadmin_phpmyadmin,CVE-2016-5706,system cia loss,5.0
phpmyadmin_phpmyadmin,CVE-2016-5705,system cia loss,4.3
phpmyadmin_phpmyadmin,CVE-2016-5703,gain user privilege,7.5
phpmyadmin_phpmyadmin,CVE-2016-5701,system cia loss,4.3
phpmyadmin_phpmyadmin,CVE-2019-12922,system cia loss,5.8
phpmyadmin_phpmyadmin,CVE-2019-11768,system cia loss,7.5
phpmyadmin_phpmyadmin,CVE-2019-19617,system cia loss,7.5
phpmyadmin_phpmyadmin,CVE-2019-18622,system cia loss,7.5
phpmyadmin_phpmyadmin,CVE-2019-6799,system cia loss,4.3
phpmyadmin_phpmyadmin,CVE-2018-19970,system cia loss,4.3
phpmyadmin_phpmyadmin,CVE-2018-19968,system cia loss,4.0
phpmyadmin_phpmyadmin,CVE-2017-1000015,system cia loss,4.3
phpmyadmin_phpmyadmin,CVE-2017-1000014,system cia loss,5.0
phpmyadmin_phpmyadmin,CVE-2017-1000013,system cia loss,5.8
phpmyadmin_phpmyadmin,CVE-2017-1000018,system cia loss,5.0
phpmyadmin_phpmyadmin,CVE-2017-1000017,system cia loss,6.5
phpmyadmin_phpmyadmin,CVE-2023-25727,system cia loss,5.4
phpmyadmin_phpmyadmin,CVE-2017-18264,gain user privilege,7.5
phpmyadmin_phpmyadmin,CVE-2020-22278,system cia loss,6.8
phpmyadmin_phpmyadmin,CVE-2020-10804,gain user privilege,6.0
phpmyadmin_phpmyadmin,CVE-2020-10803,system cia loss,3.5
phpmyadmin_phpmyadmin,CVE-2020-10802,gain user privilege,6.0
phpmyadmin_phpmyadmin,CVE-2020-5504,system cia loss,6.5
phpmyadmin_phpmyadmin,CVE-2018-15605,system cia loss,4.3
phpmyadmin_phpmyadmin,CVE-2018-12581,system cia loss,4.3
phpmyadmin_phpmyadmin,CVE-2015-7873,system cia loss,5.0
phpmyadmin_phpmyadmin,CVE-2018-7260,system cia loss,3.5
phpmyadmin_phpmyadmin,CVE-2022-0813,system cia loss,5.0
oracle_mysql,CVE-2012-5627,system cia loss,4.0
oracle_mysql,CVE-2013-1526,system cia loss,4.0
oracle_mysql,CVE-2013-1512,system cia loss,4.0
oracle_mysql,CVE-2013-1492,system cia loss,7.5
oracle_mysql,CVE-2013-1502,system cia loss,1.5
oracle_mysql,CVE-2013-2392,system cia loss,4.0
oracle_mysql,CVE-2013-2389,system cia loss,4.0
oracle_mysql,CVE-2013-2378,system cia loss,6.5
oracle_mysql,CVE-2013-2375,system cia loss,6.5
oracle_mysql,CVE-2013-1544,system cia loss,4.0
oracle_mysql,CVE-2013-1532,system cia loss,4.0
oracle_mysql,CVE-2013-1506,system cia loss,2.8
oracle_mysql,CVE-2013-3808,system cia loss,4.0
oracle_mysql,CVE-2013-2376,system cia loss,4.0
oracle_mysql,CVE-2013-1523,system cia loss,4.6
oracle_mysql,CVE-2013-1511,system cia loss,3.5
oracle_mysql,CVE-2013-3805,system cia loss,4.0
oracle_mysql,CVE-2013-3801,system cia loss,5.0
oracle_mysql,CVE-2013-3794,system cia loss,4.0
oracle_mysql,CVE-2012-5614,system cia loss,4.0
oracle_mysql,CVE-2013-1555,system cia loss,4.0
oracle_mysql,CVE-2013-1552,system cia loss,6.5
oracle_mysql,CVE-2013-1521,system cia loss,6.5
oracle_mysql,CVE-2013-1570,system cia loss,5.0
oracle_mysql,CVE-2013-2395,system cia loss,6.8
oracle_mysql,CVE-2013-2381,system cia loss,3.5
oracle_mysql,CVE-2013-1567,system cia loss,3.5
oracle_mysql,CVE-2013-1566,system cia loss,3.5
oracle_mysql,CVE-2011-2262,system cia loss,5.0
oracle_mysql,CVE-2012-5612,gain user privilege,6.5
oracle_mysql,CVE-2012-5096,system cia loss,3.5
oracle_mysql,CVE-2013-0386,system cia loss,6.8
oracle_mysql,CVE-2013-0371,system cia loss,4.0
oracle_mysql,CVE-2013-0368,system cia loss,4.0
oracle_mysql,CVE-2013-0367,system cia loss,4.0
oracle_mysql,CVE-2012-1705,system cia loss,4.0
oracle_mysql,CVE-2012-1702,system cia loss,5.0
oracle_mysql,CVE-2012-0578,system cia loss,4.0
oracle_mysql,CVE-2012-0574,system cia loss,4.0
oracle_mysql,CVE-2012-0572,system cia loss,4.0
oracle_mysql,CVE-2013-1531,system cia loss,6.5
oracle_mysql,CVE-2013-0389,system cia loss,6.8
oracle_mysql,CVE-2013-0385,system cia loss,6.6
oracle_mysql,CVE-2013-0384,system cia loss,6.8
oracle_mysql,CVE-2013-0383,system cia loss,4.3
oracle_mysql,CVE-2013-1861,system cia loss,5.0
oracle_mysql,CVE-2013-3804,system cia loss,4.0
oracle_mysql,CVE-2013-3802,system cia loss,4.0
oracle_mysql,CVE-2014-0402,system cia loss,4.0
oracle_mysql,CVE-2014-0393,system cia loss,3.3
oracle_mysql,CVE-2014-0386,system cia loss,4.0
oracle_mysql,CVE-2013-2391,system cia loss,3.0
oracle_mysql,CVE-2013-3783,system cia loss,4.0
oracle_mysql,CVE-2016-0502,system cia loss,4.0
oracle_mysql,CVE-2013-3812,system cia loss,3.5
oracle_mysql,CVE-2013-3809,system cia loss,4.0
oracle_mysql,CVE-2013-3793,system cia loss,4.0
oracle_mysql,CVE-2013-5770,system cia loss,2.1
oracle_mysql,CVE-2013-3811,system cia loss,3.5
oracle_mysql,CVE-2013-3810,system cia loss,3.5
oracle_mysql,CVE-2013-3807,system cia loss,4.0
oracle_mysql,CVE-2013-3806,system cia loss,4.0
oracle_mysql,CVE-2013-3798,system cia loss,5.8
oracle_mysql,CVE-2013-3796,system cia loss,4.0
oracle_mysql,CVE-2013-3795,system cia loss,4.0
oracle_mysql,CVE-2013-3839,system cia loss,4.0
oracle_mysql,CVE-2013-5793,system cia loss,3.5
oracle_mysql,CVE-2013-5786,system cia loss,4.0
oracle_mysql,CVE-2013-5767,system cia loss,4.0
oracle_mysql,CVE-2013-5807,system cia loss,4.9
oracle_mysql,CVE-2014-0431,system cia loss,3.5
oracle_mysql,CVE-2013-5881,system cia loss,4.0
oracle_mysql,CVE-2013-5860,system cia loss,6.8
oracle_mysql,CVE-2014-0433,system cia loss,4.3
oracle_mysql,CVE-2014-0430,system cia loss,2.8
oracle_mysql,CVE-2014-0427,system cia loss,3.5
oracle_mysql,CVE-2013-5894,system cia loss,4.0
oracle_mysql,CVE-2013-5882,system cia loss,6.8
oracle_mysql,CVE-2013-5891,system cia loss,4.0
oracle_mysql,CVE-2014-0437,system cia loss,3.5
oracle_mysql,CVE-2014-0412,system cia loss,4.0
oracle_mysql,CVE-2014-0401,system cia loss,4.0
oracle_mysql,CVE-2013-5908,system cia loss,2.6
oracle_mysql,CVE-2016-5443,system cia loss,1.2
oracle_mysql,CVE-2016-5442,system cia loss,4.0
oracle_mysql,CVE-2016-5441,system cia loss,4.0
oracle_mysql,CVE-2016-5437,system cia loss,4.0
oracle_mysql,CVE-2016-5436,system cia loss,4.0
oracle_mysql,CVE-2016-3588,system cia loss,4.9
oracle_mysql,CVE-2016-3518,system cia loss,6.8
oracle_mysql,CVE-2016-3424,system cia loss,4.0
oracle_mysql,CVE-2015-4913,system cia loss,3.5
oracle_mysql,CVE-2015-4870,system cia loss,4.0
oracle_mysql,CVE-2015-4861,system cia loss,3.5
oracle_mysql,CVE-2015-4858,system cia loss,4.0
oracle_mysql,CVE-2015-4836,system cia loss,2.8
oracle_mysql,CVE-2015-4830,system cia loss,4.0
oracle_mysql,CVE-2015-4826,system cia loss,4.0
oracle_mysql,CVE-2015-4815,system cia loss,4.0
oracle_mysql,CVE-2015-4807,system cia loss,3.5
oracle_mysql,CVE-2015-4802,system cia loss,4.0
oracle_mysql,CVE-2015-4792,system cia loss,1.7
oracle_mysql,CVE-2016-3471,system cia loss,6.2
oracle_mysql,CVE-2016-5440,system cia loss,4.0
oracle_mysql,CVE-2016-3615,system cia loss,4.3
oracle_mysql,CVE-2016-3521,system cia loss,6.8
oracle_mysql,CVE-2016-3477,system cia loss,4.1
oracle_mysql,CVE-2016-8283,system cia loss,4.0
oracle_mysql,CVE-2016-5629,system cia loss,4.0
oracle_mysql,CVE-2016-5626,system cia loss,4.0
oracle_mysql,CVE-2016-6664,gain root privilege,6.9
oracle_mysql,CVE-2016-3492,system cia loss,6.8
oracle_mysql,CVE-2016-9843,system cia loss,7.5
oracle_mysql,CVE-2016-9842,system cia loss,6.8
oracle_mysql,CVE-2016-9841,system cia loss,7.5
oracle_mysql,CVE-2016-9840,system cia loss,6.8
oracle_mysql,CVE-2018-3282,system cia loss,4.0
oracle_mysql,CVE-2018-3174,system cia loss,1.9
oracle_mysql,CVE-2018-3133,system cia loss,4.0
oracle_mysql,CVE-2016-0504,system cia loss,6.8
oracle_mysql,CVE-2016-0503,system cia loss,4.0
oracle_mysql,CVE-2016-0611,system cia loss,4.0
oracle_mysql,CVE-2016-0607,system cia loss,2.8
oracle_mysql,CVE-2016-0546,system cia loss,7.2
oracle_mysql,CVE-2016-0505,system cia loss,6.8
oracle_mysql,CVE-2016-0609,system cia loss,1.7
oracle_mysql,CVE-2016-0608,system cia loss,3.5
oracle_mysql,CVE-2016-0606,system cia loss,3.5
oracle_mysql,CVE-2016-0600,system cia loss,3.5
oracle_mysql,CVE-2016-0598,system cia loss,3.5
oracle_mysql,CVE-2016-0597,system cia loss,4.0
oracle_mysql,CVE-2015-0409,system cia loss,4.0
oracle_mysql,CVE-2015-0385,system cia loss,3.5
oracle_mysql,CVE-2016-0594,system cia loss,4.3
oracle_mysql,CVE-2016-0610,system cia loss,3.5
oracle_mysql,CVE-2016-0595,system cia loss,4.0
oracle_mysql,CVE-2016-0596,system cia loss,4.0
oracle_mysql,CVE-2016-0616,system cia loss,4.0
oracle_mysql,CVE-2016-3452,system cia loss,4.3
oracle_mysql,CVE-2016-0650,system cia loss,4.0
oracle_mysql,CVE-2016-0649,system cia loss,4.0
oracle_mysql,CVE-2016-0646,system cia loss,4.0
oracle_mysql,CVE-2016-0644,system cia loss,4.0
oracle_mysql,CVE-2016-0641,system cia loss,4.9
oracle_mysql,CVE-2016-0640,system cia loss,4.9
oracle_mysql,CVE-2017-10378,system cia loss,4.0
oracle_mysql,CVE-2016-5444,system cia loss,4.3
oracle_mysql,CVE-2016-2047,system cia loss,4.3
oracle_mysql,CVE-2016-0666,system cia loss,3.5
oracle_mysql,CVE-2016-0648,system cia loss,4.0
oracle_mysql,CVE-2016-0647,system cia loss,4.0
oracle_mysql,CVE-2016-0643,system cia loss,4.0
oracle_mysql,CVE-2016-0642,system cia loss,4.3
oracle_mysql,CVE-2016-0651,system cia loss,3.5
oracle_mysql,CVE-2016-0663,system cia loss,3.5
oracle_mysql,CVE-2016-0658,system cia loss,3.5
oracle_mysql,CVE-2016-0656,system cia loss,3.5
oracle_mysql,CVE-2016-0654,system cia loss,3.5
oracle_mysql,CVE-2016-0653,system cia loss,3.5
oracle_mysql,CVE-2016-0652,system cia loss,3.5
oracle_mysql,CVE-2016-3440,system cia loss,4.0
oracle_mysql,CVE-2016-0667,system cia loss,2.8
oracle_mysql,CVE-2016-0662,system cia loss,3.5
oracle_mysql,CVE-2016-0659,system cia loss,3.5
oracle_mysql,CVE-2016-0657,system cia loss,3.5
oracle_mysql,CVE-2016-5584,system cia loss,3.5
oracle_mysql,CVE-2016-6663,gain user privilege,4.4
oracle_mysql,CVE-2016-6662,gain root privilege,10.0
oracle_mysql,CVE-2016-7440,system cia loss,2.1
oracle_mysql,CVE-2016-5612,system cia loss,4.0
oracle_mysql,CVE-2016-5624,system cia loss,4.0
oracle_mysql,CVE-2016-8290,system cia loss,3.5
oracle_mysql,CVE-2016-8289,system cia loss,3.3
oracle_mysql,CVE-2016-8287,system cia loss,3.5
oracle_mysql,CVE-2016-5635,system cia loss,4.0
oracle_mysql,CVE-2016-5634,system cia loss,4.0
oracle_mysql,CVE-2016-5633,system cia loss,4.0
oracle_mysql,CVE-2016-5631,system cia loss,4.0
oracle_mysql,CVE-2016-5628,system cia loss,4.0
oracle_mysql,CVE-2016-8286,system cia loss,3.5
oracle_mysql,CVE-2016-5632,system cia loss,4.0
oracle_mysql,CVE-2019-2731,system cia loss,5.5
oracle_mysql,CVE-2019-2757,system cia loss,4.0
oracle_mysql,CVE-2019-2741,system cia loss,3.5
oracle_mysql,CVE-2019-2755,system cia loss,4.0
oracle_mysql,CVE-2019-2920,system cia loss,5.0
oracle_mysql,CVE-2019-7317,system cia loss,2.6
oracle_mysql,CVE-2008-7247,system cia loss,6.0
oracle_mysql,CVE-2008-3963,system cia loss,4.0
oracle_mysql,CVE-2023-21977,system cia loss,4.9
oracle_mysql,CVE-2023-22007,system cia loss,4.9
oracle_mysql,CVE-2023-21980,gain user privilege,7.1
oracle_mysql,CVE-2023-22053,system cia loss,5.9
oracle_mysql,CVE-2017-10313,system cia loss,4.0
oracle_mysql,CVE-2017-10311,system cia loss,4.0
oracle_mysql,CVE-2017-10167,system cia loss,4.0
oracle_mysql,CVE-2017-10165,system cia loss,4.0
oracle_mysql,CVE-2017-10268,system cia loss,1.5
oracle_mysql,CVE-2017-10384,system cia loss,4.0
oracle_mysql,CVE-2017-10379,system cia loss,4.0
oracle_mysql,CVE-2018-2562,system cia loss,7.5
oracle_mysql,CVE-2017-3650,system cia loss,4.3
oracle_mysql,CVE-2017-3645,system cia loss,4.0
oracle_mysql,CVE-2017-3644,system cia loss,4.0
oracle_mysql,CVE-2017-3643,system cia loss,4.0
oracle_mysql,CVE-2017-3642,system cia loss,4.0
oracle_mysql,CVE-2017-3640,system cia loss,4.0
oracle_mysql,CVE-2017-3639,system cia loss,4.0
oracle_mysql,CVE-2017-3638,system cia loss,4.0
oracle_mysql,CVE-2017-3637,system cia loss,3.5
oracle_mysql,CVE-2017-3529,system cia loss,3.5
oracle_mysql,CVE-2017-10296,system cia loss,4.0
oracle_mysql,CVE-2017-10284,system cia loss,4.0
oracle_mysql,CVE-2017-3318,system cia loss,1.0
oracle_mysql,CVE-2017-3317,system cia loss,1.5
oracle_mysql,CVE-2017-3313,system cia loss,1.5
oracle_mysql,CVE-2017-3312,gain user privilege,3.5
oracle_mysql,CVE-2017-3291,gain user privilege,3.5
oracle_mysql,CVE-2017-3265,system cia loss,4.9
oracle_mysql,CVE-2017-3258,system cia loss,4.0
oracle_mysql,CVE-2017-3244,system cia loss,4.0
oracle_mysql,CVE-2017-3238,system cia loss,4.0
oracle_mysql,CVE-2017-3243,system cia loss,3.5
oracle_mysql,CVE-2017-3320,system cia loss,3.5
oracle_mysql,CVE-2017-3319,system cia loss,3.5
oracle_mysql,CVE-2017-3256,system cia loss,4.0
oracle_mysql,CVE-2017-3251,system cia loss,4.0
oracle_mysql,CVE-2017-3646,system cia loss,4.0
oracle_mysql,CVE-2017-3305,system cia loss,6.3
oracle_mysql,CVE-2017-3329,system cia loss,5.0
oracle_mysql,CVE-2017-3309,system cia loss,4.0
oracle_mysql,CVE-2017-3308,system cia loss,4.0
oracle_mysql,CVE-2017-3600,gain user privilege,6.0
oracle_mysql,CVE-2017-3464,system cia loss,4.0
oracle_mysql,CVE-2017-3463,system cia loss,4.0
oracle_mysql,CVE-2017-3462,system cia loss,4.0
oracle_mysql,CVE-2017-3461,system cia loss,4.0
oracle_mysql,CVE-2017-3456,system cia loss,4.0
oracle_mysql,CVE-2017-3453,system cia loss,4.0
oracle_mysql,CVE-2017-3452,system cia loss,4.0
oracle_mysql,CVE-2017-3468,system cia loss,3.5
oracle_mysql,CVE-2017-3467,system cia loss,4.3
oracle_mysql,CVE-2017-3465,system cia loss,4.0
oracle_mysql,CVE-2017-3460,system cia loss,4.0
oracle_mysql,CVE-2017-3459,system cia loss,4.0
oracle_mysql,CVE-2017-3458,system cia loss,4.0
oracle_mysql,CVE-2017-3457,system cia loss,4.0
oracle_mysql,CVE-2017-3455,system cia loss,5.5
oracle_mysql,CVE-2017-3454,system cia loss,5.5
oracle_mysql,CVE-2017-3653,system cia loss,3.5
oracle_mysql,CVE-2017-3652,system cia loss,4.9
oracle_mysql,CVE-2017-3651,system cia loss,4.0
oracle_mysql,CVE-2017-3648,system cia loss,4.0
oracle_mysql,CVE-2017-3641,system cia loss,4.0
oracle_mysql,CVE-2017-3635,system cia loss,3.5
oracle_mysql,CVE-2017-3636,gain user privilege,4.6
oracle_mysql,CVE-2012-1734,system cia loss,4.0
oracle_mysql,CVE-2012-0540,system cia loss,4.0
oracle_mysql,CVE-2012-3177,system cia loss,6.8
oracle_mysql,CVE-2012-0553,system cia loss,7.5
oracle_mysql,CVE-2012-3149,system cia loss,3.5
oracle_mysql,CVE-2012-3147,system cia loss,6.4
oracle_mysql,CVE-2012-3144,system cia loss,4.0
oracle_mysql,CVE-2012-3197,system cia loss,3.5
oracle_mysql,CVE-2012-3163,system cia loss,9.0
oracle_mysql,CVE-2012-3158,system cia loss,7.5
oracle_mysql,CVE-2012-3150,system cia loss,4.0
oracle_mysql,CVE-2012-3156,system cia loss,3.5
oracle_mysql,CVE-2012-5060,system cia loss,6.8
oracle_mysql,CVE-2012-3180,system cia loss,4.0
oracle_mysql,CVE-2012-3160,system cia loss,2.1
oracle_mysql,CVE-2012-3173,system cia loss,4.0
oracle_mysql,CVE-2012-3167,system cia loss,3.5
oracle_mysql,CVE-2012-3166,system cia loss,4.0
oracle_mysql,CVE-2012-1757,system cia loss,4.0
oracle_mysql,CVE-2012-1756,system cia loss,4.0
oracle_mysql,CVE-2012-1735,system cia loss,6.8
oracle_mysql,CVE-2012-2750,system cia loss,10.0
oracle_mysql,CVE-2012-2749,system cia loss,4.0
oracle_mysql,CVE-2012-4414,gain user privilege,6.5
oracle_mysql,CVE-2014-6520,system cia loss,4.0
oracle_mysql,CVE-2015-0411,system cia loss,7.5
oracle_mysql,CVE-2015-0382,system cia loss,4.3
oracle_mysql,CVE-2015-0381,system cia loss,4.3
oracle_mysql,CVE-2015-0374,system cia loss,3.5
oracle_mysql,CVE-2014-6568,system cia loss,3.5
oracle_mysql,CVE-2014-0001,gain user privilege,7.5
oracle_mysql,CVE-2014-4243,system cia loss,2.8
oracle_mysql,CVE-2014-0384,system cia loss,4.0
oracle_mysql,CVE-2014-2438,system cia loss,3.5
oracle_mysql,CVE-2014-2432,system cia loss,2.8
oracle_mysql,CVE-2014-2419,system cia loss,4.0
oracle_mysql,CVE-2014-0420,system cia loss,2.8
oracle_mysql,CVE-2014-4260,system cia loss,5.5
oracle_mysql,CVE-2014-4258,system cia loss,6.5
oracle_mysql,CVE-2015-0391,system cia loss,4.0
oracle_mysql,CVE-2014-6551,system cia loss,2.1
oracle_mysql,CVE-2014-6530,system cia loss,6.5
oracle_mysql,CVE-2014-6505,system cia loss,4.0
oracle_mysql,CVE-2014-6495,system cia loss,4.3
oracle_mysql,CVE-2014-6484,system cia loss,4.0
oracle_mysql,CVE-2014-6478,system cia loss,4.3
oracle_mysql,CVE-2014-6463,system cia loss,3.3
oracle_mysql,CVE-2014-4287,system cia loss,4.0
oracle_mysql,CVE-2014-4274,system cia loss,4.1
oracle_mysql,CVE-2009-0819,system cia loss,4.0
oracle_mysql,CVE-2014-6559,system cia loss,4.3
oracle_mysql,CVE-2014-6555,system cia loss,6.5
oracle_mysql,CVE-2014-6507,system cia loss,4.3
oracle_mysql,CVE-2014-6500,system cia loss,7.5
oracle_mysql,CVE-2014-6496,system cia loss,4.3
oracle_mysql,CVE-2014-6494,system cia loss,4.3
oracle_mysql,CVE-2014-6491,system cia loss,7.5
oracle_mysql,CVE-2014-6469,system cia loss,6.8
oracle_mysql,CVE-2014-6464,system cia loss,4.0
oracle_mysql,CVE-2014-2440,system cia loss,5.1
oracle_mysql,CVE-2014-2436,system cia loss,6.5
oracle_mysql,CVE-2014-2431,system cia loss,2.6
oracle_mysql,CVE-2014-2430,system cia loss,3.5
oracle_mysql,CVE-2014-2451,system cia loss,3.5
oracle_mysql,CVE-2014-2450,system cia loss,4.0
oracle_mysql,CVE-2014-2444,system cia loss,6.5
oracle_mysql,CVE-2014-2442,system cia loss,4.0
oracle_mysql,CVE-2014-2435,system cia loss,4.0
oracle_mysql,CVE-2014-2434,system cia loss,4.0
oracle_mysql,CVE-2014-4240,system cia loss,3.6
oracle_mysql,CVE-2014-4238,system cia loss,4.0
oracle_mysql,CVE-2014-4233,system cia loss,4.0
oracle_mysql,CVE-2014-4214,system cia loss,3.3
oracle_mysql,CVE-2014-2484,system cia loss,6.5
oracle_mysql,CVE-2014-2494,system cia loss,4.0
oracle_mysql,CVE-2014-4207,system cia loss,4.0
oracle_mysql,CVE-2020-14760,system cia loss,7.5
oracle_mysql,CVE-2020-14852,system cia loss,6.8
oracle_mysql,CVE-2020-14846,system cia loss,6.8
oracle_mysql,CVE-2020-14845,system cia loss,6.8
oracle_mysql,CVE-2020-14839,system cia loss,6.8
oracle_mysql,CVE-2020-14837,system cia loss,6.8
oracle_mysql,CVE-2020-14830,system cia loss,6.8
oracle_mysql,CVE-2020-14814,system cia loss,6.8
oracle_mysql,CVE-2020-1971,system cia loss,4.3
oracle_mysql,CVE-2020-15358,system cia loss,2.1
oracle_mysql,CVE-2020-1967,system cia loss,5.0
oracle_mysql,CVE-2020-5398,system cia loss,7.6
oracle_mysql,CVE-2018-0735,system cia loss,4.3
oracle_mysql,CVE-2018-2668,system cia loss,6.8
oracle_mysql,CVE-2018-2665,system cia loss,6.8
oracle_mysql,CVE-2018-2640,system cia loss,6.8
oracle_mysql,CVE-2018-2622,system cia loss,6.8
oracle_mysql,CVE-2018-2819,system cia loss,4.0
oracle_mysql,CVE-2018-2818,system cia loss,4.0
oracle_mysql,CVE-2018-2817,system cia loss,4.0
oracle_mysql,CVE-2018-2813,system cia loss,4.0
oracle_mysql,CVE-2018-2781,system cia loss,4.0
oracle_mysql,CVE-2018-2773,system cia loss,1.9
oracle_mysql,CVE-2018-2771,system cia loss,3.5
oracle_mysql,CVE-2018-2761,system cia loss,4.3
oracle_mysql,CVE-2018-2755,gain user privilege,3.7
oracle_mysql,CVE-2018-2767,system cia loss,3.5
oracle_mysql,CVE-2018-3070,system cia loss,4.0
oracle_mysql,CVE-2018-3066,system cia loss,4.9
oracle_mysql,CVE-2018-3058,system cia loss,4.0
oracle_mysql,CVE-2018-3071,system cia loss,4.0
oracle_mysql,CVE-2018-3061,system cia loss,4.0
oracle_mysql,CVE-2018-3063,system cia loss,4.0
oracle_mysql,CVE-2018-3081,system cia loss,4.9
oracle_mysql,CVE-2015-2611,system cia loss,4.0
oracle_mysql,CVE-2015-4772,system cia loss,4.0
oracle_mysql,CVE-2015-4771,system cia loss,3.5
oracle_mysql,CVE-2015-4769,system cia loss,3.5
oracle_mysql,CVE-2015-4767,system cia loss,1.7
oracle_mysql,CVE-2015-4761,system cia loss,3.5
oracle_mysql,CVE-2015-2661,system cia loss,2.1
oracle_mysql,CVE-2015-2641,system cia loss,3.5
oracle_mysql,CVE-2015-2639,system cia loss,3.5
oracle_mysql,CVE-2015-2617,system cia loss,6.5
oracle_mysql,CVE-2015-4756,system cia loss,4.0
oracle_mysql,CVE-2015-0423,system cia loss,4.0
oracle_mysql,CVE-2015-0405,system cia loss,4.0
oracle_mysql,CVE-2015-2566,system cia loss,2.8
oracle_mysql,CVE-2015-0439,system cia loss,4.0
oracle_mysql,CVE-2015-0438,system cia loss,4.0
oracle_mysql,CVE-2015-0432,system cia loss,4.0
oracle_mysql,CVE-2015-0433,system cia loss,4.0
oracle_mysql,CVE-2015-2573,system cia loss,4.0
oracle_mysql,CVE-2015-2568,system cia loss,5.0
oracle_mysql,CVE-2015-0441,system cia loss,4.0
oracle_mysql,CVE-2015-4905,system cia loss,4.0
oracle_mysql,CVE-2015-0511,system cia loss,2.8
oracle_mysql,CVE-2015-0508,system cia loss,4.0
oracle_mysql,CVE-2015-0507,system cia loss,3.5
oracle_mysql,CVE-2015-0506,system cia loss,3.5
oracle_mysql,CVE-2015-2567,system cia loss,3.5
oracle_mysql,CVE-2015-0503,system cia loss,4.0
oracle_mysql,CVE-2015-0500,system cia loss,4.0
oracle_mysql,CVE-2015-0498,system cia loss,1.7
oracle_mysql,CVE-2015-4757,system cia loss,3.5
oracle_mysql,CVE-2015-2620,system cia loss,4.3
oracle_mysql,CVE-2015-0505,system cia loss,3.5
oracle_mysql,CVE-2015-2571,system cia loss,4.0
oracle_mysql,CVE-2015-0501,system cia loss,5.7
oracle_mysql,CVE-2015-0499,system cia loss,3.5
oracle_mysql,CVE-2015-4730,system cia loss,4.0
oracle_mysql,CVE-2015-4904,system cia loss,4.0
oracle_mysql,CVE-2015-4833,system cia loss,4.0
oracle_mysql,CVE-2015-4766,system cia loss,1.9
oracle_mysql,CVE-2015-4910,system cia loss,2.1
oracle_mysql,CVE-2015-4890,system cia loss,3.5
oracle_mysql,CVE-2015-4862,system cia loss,4.0
oracle_mysql,CVE-2015-4800,system cia loss,4.0
oracle_mysql,CVE-2015-4791,system cia loss,3.5
oracle_mysql,CVE-2015-4816,system cia loss,4.0
oracle_mysql,CVE-2015-4879,system cia loss,4.6
oracle_mysql,CVE-2015-4819,system cia loss,7.2
oracle_mysql,CVE-2015-3152,system cia loss,4.3
oracle_mysql,CVE-2015-4864,system cia loss,3.5
oracle_mysql,CVE-2015-4752,system cia loss,4.0
oracle_mysql,CVE-2015-4737,system cia loss,3.5
oracle_mysql,CVE-2015-2648,system cia loss,4.0
oracle_mysql,CVE-2015-2643,system cia loss,4.0
oracle_mysql,CVE-2015-2582,system cia loss,4.0
oracle_mysql,CVE-2022-21417,system cia loss,4.0
oracle_mysql,CVE-2022-21444,system cia loss,2.1
oracle_mysql,CVE-2007-5970,system cia loss,5.8
oracle_mysql,CVE-2007-6303,system cia loss,3.5
oracle_mysql,CVE-2007-6304,system cia loss,5.0
oracle_mysql,CVE-2021-22570,system cia loss,2.1
oracle_mysql,CVE-2021-2356,system cia loss,4.9
busybox_busybox,CVE-2013-1813,system cia loss,7.2
busybox_busybox,CVE-2016-2148,system cia loss,7.5
busybox_busybox,CVE-2016-2147,system cia loss,5.0
busybox_busybox,CVE-2016-6301,system cia loss,7.8
busybox_busybox,CVE-2019-5747,system cia loss,5.0
busybox_busybox,CVE-2018-20679,system cia loss,5.0
busybox_busybox,CVE-2015-9261,system cia loss,4.3
busybox_busybox,CVE-2017-16544,gain user privilege,6.5
busybox_busybox,CVE-2014-9645,system cia loss,2.1
busybox_busybox,CVE-2018-1000500,gain user privilege,6.8
busybox_busybox,CVE-2018-1000517,system cia loss,7.5
busybox_busybox,CVE-2022-28391,gain user privilege,6.8
busybox_busybox,CVE-2011-5325,system cia loss,5.0
busybox_busybox,CVE-2011-2716,gain root privilege,6.8
